ID,Name,Email,Gender,Region
3,Charlie Brown,charlie.brown@example.com,Male,Asia
7,George Costanza,george.costanza@example.com,Male,Asia
11,Kevin Malone,kevin.malone@example.com,Male,Asia
15,Oscar Martinez,oscar.martinez@example.com,Male,Asia
19,Stanley Hudson,stanley.hudson@example.com,Male,Asia
23,Walter White,walter.white@example.com,Male,Asia
27,Amy Pond,amy.pond@example.com,Female,Asia
31,Eleanor Shellstrop,eleanor.shellstrop@example.com,Female,Asia
35,Iris West,iris.west@example.com,Female,Asia
39,Marge Simpson,marge.simpson@example.com,Female,Asia
43,Rachel Green,rachel.green@example.com,Female,Asia
47,Vincent Chase,vincent.chase@example.com,Male,Asia
51,Zoe Washburne,zoe.washburne@example.com,Female,Asia
55,Drax the Destroyer,drax.destroyer@example.com,Male,Asia
59,Homer Simpson,homer.simpson@example.com,Male,Asia
63,Leonard Hofstadter,leonard.hofstadter@example.com,Male,Asia
67,Phil Dunphy,phil.dunphy@example.com,Male,Asia
71,Ursula K. Le Guin,ursula.leguin@example.com,Female,Asia
75,Yolanda Adams,yolanda.adams@example.com,Female,Asia
79,Catherine Zeta-Jones,catherine.zeta-jones@example.com,Female,Asia
83,Gwyneth Paltrow,gwyneth.paltrow@example.com,Female,Asia
87,Kate Winslet,kate.winslet@example.com,Female,Asia
91,Owen Wilson,owen.wilson@example.com,Male,Asia
95,Samuel L. Jackson,samuel.jackson@example.com,Male,Asia
99,Will Smith,will.smith@example.com,Male,Asia
103,Chris Evans,chris.evans@example.com,Male,Asia
107,Halle Berry,halle.berry@example.com,Female,Asia
111,Kristen Stewart,kristen.stewart@example.com,Female,Asia
115,Natalie Portman,natalie.portman@example.com,Female,Asia
119,Scarlett Johansson,scarlett.johansson@example.com,Female,Asia
123,Aaron Paul,aaron.paul@example.com,Male,Asia
127,Elizabeth Olsen,elizabeth.olsen@example.com,Female,Asia
131,Isla Fisher,isla.fisher@example.com,Female,Asia
135,Margot Robbie,margot.robbie@example.com,Female,Asia
139,Shia LaBeouf,shia.labeouf@example.com,Male,Asia
143,Zachary Quinto,zachary.quinto@example.com,Male,Asia
147,Daniel Kaluuya,daniel.kaluuya@example.com,Male,Asia
151,Harry Styles,harry.styles@example.com,Male,Asia
155,Lena Headey,lena.headey@example.com,Female,Asia
159,Rachel McAdams,rachel.mcadams@example.com,Female,Asia
163,Viggo Mortensen,viggo.mortensen@example.com,Male,Asia
167,Chris Hemsworth,chris.hemsworth@example.com,Male,Asia
171,Gugu Mbatha-Raw,gugu.mbatha-raw@example.com,Female,Asia
175,Laura Dern,laura.dern@example.com,Female,Asia
179,Olivia Colman,olivia.colman@example.com,Female,Asia
183,Saoirse Ronan,saoirse.ronan@example.com,Female,Asia
187,Yahya Abdul-Mateen II,yahya.abdulmateen@example.com,Male,Asia
191,Cynthia Erivo,cynthia.erivo@example.com,Female,Asia
195,Grace Van Patten,grace.vanpatten@example.com,Female,Asia
199,Kaitlyn Dever,kaitlyn.dever@example.com,Female,Asia
203,O'Shea Jackson Jr.,oshea.jackson@example.com,Male,Asia
207,"Taylor-Joy, Anya",anya.taylorjoy@example.com,Female,Asia
211,Yifei Liu,yifei.liu@example.com,Female,Asia
215,Connie Britton,connie.britton@example.com,Female,Asia
219,Gemma Arterton,gemma.arterton@example.com,Female,Asia
223,Kiki Layne,kiki.layne@example.com,Female,Asia
227,Olivia Cooke,olivia.cooke@example.com,Female,Asia
231,Sebastian Stan,sebastian.stan@example.com,Male,Asia
235,Will Forte,will.forte@example.com,Male,Asia
239,Brie Larson,brie.larson@example.com,Female,Asia
243,Forest Whitaker,forest.whitaker2@example.com,Male,Asia
247,Jared Leto,jared.leto@example.com,Male,Asia
251,Naomi Campbell,naomi.campbell@example.com,Female,Asia
255,Rosario Dawson,rosario.dawson@example.com,Female,Asia
259,Viola Davis,viola.davis2@example.com,Female,Asia
263,Alden Ehrenreich,alden.ehrenreich@example.com,Male,Asia
267,Evan Rachel Wood,evan.rachelwood@example.com,Female,Asia
271,J.K. Simmons,jk.simmons@example.com,Male,Asia
275,Mila Kunis,mila.kunis@example.com,Female,Asia
279,Sam Claflin,sam.claflin@example.com,Male,Asia
283,Viggo Mortensen,viggo.mortensen2@example.com,Male,Asia
287,Adam Driver,adam.driver2@example.com,Male,Asia
291,Elizabeth Moss,elizabeth.moss@example.com,Female,Asia
295,Imogen Poots,imogen.poots2@example.com,Female,Asia
299,Mads Mikkelsen,mads.mikkelsen2@example.com,Male,Asia
303,Sam Rockwell,sam.rockwell2@example.com,Male,Asia
307,Yahya Abdul-Mateen II,yahya.abdulmateen2@example.com,Male,Asia
311,Cynthia Erivo,cynthia.erivo2@example.com,Female,Asia
315,Grace Van Patten,grace.vanpatten2@example.com,Female,Asia
319,Kaitlyn Dever,kaitlyn.dever2@example.com,Female,Asia
323,O'Shea Jackson Jr.,oshea.jackson2@example.com,Male,Asia
327,Anya Taylor-Joy,anya.taylorjoy2@example.com,Female,Asia
331,Yifei Liu,yifei.liu2@example.com,Female,Asia
335,Connie Britton,connie.britton2@example.com,Female,Asia
